{"cameraMode":{"drawMode":0,"name":"Shaded","section":"Shading Mode"},"sceneLighting":false,"audioPlay":false,"sceneViewState":{"showFog":true,"showMaterialUpdate":false,"showSkybox":true,"showFlares":true,"showImageEffects":true,"showParticleSystems":true},"in2DMode":false,"pivot":{"x":11.18838882446289,"y":9.15999984741211,"z":-7.420000076293945},"rotation":{"x":0.39071106910705569,"y":0.4746195077896118,"z":-0.2476353496313095,"w":0.7488377094268799},"size":0.7728585600852966,"orthographic":false}