{"cameraMode":{"drawMode":0,"name":"Shaded","section":"Shading Mode"},"sceneLighting":false,"audioPlay":false,"sceneViewState":{"showFog":true,"showMaterialUpdate":false,"showSkybox":true,"showFlares":true,"showImageEffects":true,"showParticleSystems":true},"in2DMode":false,"pivot":{"x":9.800000190734864,"y":-1.4000000953674317,"z":14.569538116455079},"rotation":{"x":0.39071106910705569,"y":0.4746195077896118,"z":-0.2476353496313095,"w":0.7488377094268799},"size":15.143109321594239,"orthographic":false}